,0
0,TORN/USD
1,ZRO/USDT
2,GOAT/SOL
3,MTT/USD
4,DEAI/USD
5,NEIROCTO/USD
6,PAAL/USD
7,USDe/USD
8,ZEN/USD
9,WR/USD
10,HIGH/USD
11,SCA/USD
12,SOLDEX/USD
13,GLXY/USD
14,MRS/USD
15,CROWN/USD
16,MFS/USD
17,MUBI/USD
18,TRU/USD
19,KOBASU/ETH
20,NeiroCTO/USDT
21,SHIT/USD
22,ECO/USD
23,STON/TON
24,BITF/USD
25,WBTC/USD
26,NCT/USD
27,SAT/USD
28,MVT/PROB
29,GRAIL/USD
30,OMNI/USD
31,KARATE/USD
32,VIC/USD
33,XCAD/USD
34,DF/USD
35,BTC/EUR
36,FXS/USD
37,SOE/USD
38,BET/USD
39,SWELL/USD
40,KASPA/USD
41,INJ/USDT
42,STRK/USD
43,SLF/USD
44,PROPS/USD
45,3AC/USD
46,CAM/USD
47,CUTO/USD
48,MNGO/USD
49,DARE/USD
50,ARW/KRW
51,MTL/USD
52,HKDA/HKD
53,ORCA/USD
54,ETHFI/USDC
55,SPX/USDC
56,WETH/ETH
57,JETTON/TON
58,UNITY/USD
59,PEPE/FDUSD
60,PRCL/USD
61,GIKO/USD
62,LIVE/USD
63,BETA/USD
64,TURBOS/USD
65,AIT/USD
66,LILLIAN/USD
67,XYM/USD
68,MEW/ETH
69,LUNEX/USD
70,HERO/USD
71,FART/USD
72,TOMA/USD
73,JBT/USD
74,CHEF/USD
75,ECOX/USD
76,DHT/USD
77,PHIL/USD
78,APE/BTC
79,FBTC/USD
80,KCS/BTC
81,fGLD/USD
82,RXS/USD
83,AWT/USD
84,CAW/USD
85,COIN/USD
86,ILV/USD
87,XRP/ETH
88,XLM/ETH
89,ASM/USD
90,FIG/USD
91,CGPT/USD
92,CERE/USD
93,CHASM/USD
94,EVA/BTC
95,TERRA/USD
96,TRX/USDT
97,LIQUID/USD
98,CAKE/USD
99,LIMO/USD
100,ANY/USD
101,AMINO/USD
102,GOOG/USD
103,EXTRA/USD
104,CELL/USD
105,SCRT/USD
106,MAGA/USD
107,MTAUR/USD
108,OMOCI/USD
109,UMA/USD
110,FIL/BNB
111,PENDLE/USDC
112,USD/NZD
113,MXI/USD
114,XSGD/SGD
115,GALA/ETH
116,OP/BTC
117,RABOO/USD
118,PUPS/USD
119,KHAI/USD
120,INSUR/USD
121,PLU/USD
122,MIGGLES/USD
123,HNT/USD
124,CAD/USD
125,USDO/USDC
126,SOLV/USD
127,SOL/JPY
128,VIRTUAL/USD
129,MPEPE/USD
130,XPT/USD
131,BNB/DAI
132,GFAL/USD
133,NZD/JPY
134,ZCX/USD
135,FIO/USD
136,CTXC/USD
137,BBTC/BTC
138,APE/USD
139,LOCK/USD
140,PAY/USD
141,ONDO/USD
142,MYRO/USD
143,GUSD/USD
144,LYX/USD
145,ATOR/USD
146,GEGG/USDT
147,SFP/USD
148,DRINK/USD
149,SHC2.0/USD
150,TET/USD
151,JASMY/USD
152,JPY/UNKNOWN
153,ETHENA/USD
154,WEMIX/USD
155,BABYLON/USD
156,MAGNET/USD
157,ORB/USDT
158,ZEUS/USD
159,INCEPT/USD
160,XAI/USD
161,POLY/USD
162,VINU/USD
163,PUMA/USD
164,YETIO/USD
165,BRLA/BRL
166,DETH/ETH
167,SWFTC/USDC
168,EVAL/USDT
169,HMSTR/BNB
170,POD/USD
171,CREAM/USD
172,SHIB/USDT
173,SUI/KRW
174,RVF/USD
175,ATOM/BNB
176,SUNDOG/USD
177,KP3R/USD
178,ETH/AED
179,AURORA/USD
180,ZYN/USD
181,LEO/USD
182,BORING/USDC
183,SUI/USDC
184,FRAX/USD
185,EDEN/USD
186,BMEX/USD
187,PDA/BTC
188,SPEC/USD
189,MAD/USD
190,W3GG/USD
191,RWA/USD
192,PROB/USD
193,COCO/USD
194,NEIRO/USDT
195,UNKNOWN/USD
196,MX/USD
197,TAO/USD
198,ONDO/USDT
199,DOGEN/SOL
200,GALA/USD
201,MCADE/USD
202,BSV/USD
203,CAT/USD
204,VANRY/USD
205,SANTOS/USD
206,JOE/USDC
207,PELL/USD
208,ALEO/USD
209,KOBASU/USD
210,PRIME/USD
211,SAITO/USD
212,KLAY/USD
213,REEF/USDT
214,W/FDUSD
215,BTC/XAU
216,XEM/USD
217,XSGD/USD
218,GBP/USD
219,BTC/RUB
220,DADDY/USD
221,cbBTC/USD
222,INTL/USD
223,DOGIZEN/USD
224,ANYONE/USD
225,YGG/USD
226,USTC/USD
227,HACHIKO/USD
228,XLM/BTC
229,ARIA/USD
230,BABYTRUMP/USD
231,SUPER/ETH
232,RDT/USD
233,ZFI/USD
234,TON/BTC
235,KISHU/USD
236,PAW/USD
237,USD/IDR
238,CORE/USD
239,SOLAR/USDT
240,RABT/USD
241,SUKU/USD
242,NOT/ETH
243,XMR/BTC
244,BERA/USD
245,ARTIC/SOL
246,UXLINK/USD
247,DOGE/KRW
248,BICO/BUSD
249,ANDY/USD
250,USDC/BRL
251,BAL/USD
252,kBTC/BTC
253,XAU/SAR
254,PENG/USD
255,BASED/USD
256,BAD/USD
257,SHLD/USD
258,SHOPX/USD
259,AETHIR/USD
260,FTON/USD
261,BONK/USD
262,ROCKY/USD
263,PYTH/USD
264,SEED/USD
265,VITALIK/ETH
266,ETH/KRW
267,SOON/USD
268,UBQT/USD
269,UNIO/USDT
270,JESUS/USD
271,IRIS/USD
272,MEME/USD
273,SWAN/USD
274,MYR/USD
275,TERMINUS/USD
276,SD/USD
277,FLOCKR/USD
278,PEOPLE/BUSD
279,TRYB/TRY
280,FLOW/ETH
281,BRETT/BTC
282,GBP/CAD
283,ITO/ETH
284,BTC/AUD
285,STORJ/USD
286,AVAX/BTC
287,SPARK/USD
288,SUI/BTC
289,RETH/USD
290,UNI/BTC
291,POLS/USD
292,COGA/USD
293,ATLETA/USD
294,WLTQ/SOL
295,SOL/BTC
296,USD/SGD
297,WLD/USD
298,JUP/USDC
299,DMT/USD
300,CGV/USD
301,FOREST/USD
302,LISTA/USD
303,SEAM/USD
304,INJ/ETH
305,POL/USD
306,W/KRW
307,BEAM/USD
308,GENKI/SOL
309,ETHW/USD
310,ILV/USDT
311,ENA/ETH
312,AXL/USD
313,VADER/XRP
314,BILLY/SOL
315,SPK/USD
316,POND/USD
317,ALICE/USD
318,REZ/USD
319,FLR/ETH
320,MEMEFI/USDT
321,GHO/USD
322,ATL/USD
323,ETH/DAI
324,LAI/USD
325,ICP/ETH
326,PUFFER/USDT
327,BAND/USD
328,MOONDENG/USD
329,FWT/TON
330,DXY/USD
331,SIS/USD
332,INF/USD
333,STC/USD
334,WELSH/USD
335,NEIRO/ETH
336,FIDA/USD
337,AR/USD
338,GRASS/USD
339,N3/USD
340,AUSD/USD
341,BUSD/USD
342,GRT/KRW
343,XBORG/USD
344,SHARP/USD
345,INST/USD
346,USDS/USD
347,CATI/USDT
348,SAND/USD
349,VGX/USD
350,MBAG/USD
351,CBET/USD
352,AVL/USD
353,UNITS/USD
354,BNT/USD
355,ETH/USDT
356,HBAR/BTC
357,HYVE/USD
358,HAM/USD
359,DTC/USD
360,SCR/USD
361,WIFU/USDT
362,AXS/BTC
363,ETH/AUD
364,MOODENG/ETH
365,NAVX/USD
366,XAND/USD
367,FUEL/USD
368,FXRP/USD
369,LOKA/USD
370,SATO/ETH
371,ORN/USD
372,RENDER/BTC
373,ZANO/USD
374,BST/USD
375,TCAT/TON
376,ATS/USD
377,BOINK/USD
378,TREZ/USD
379,SEI/ETH
380,BTC/ADA
381,AERO/ETH
382,AUD/NZD
383,GALA/BTC
384,KEROSO/USD
385,LINK/USD
386,SOLVBTC/BTC
387,PLT/APT
388,ETH/INR
389,KONG/SUI
390,BTCB/BTC
391,COS/USDT
392,PEOPLE/BTC
393,PESTO/USD
394,XAU/PHP
395,PORTAL/USD
396,FLOW/BTC
397,MBC/USDT
398,META/USD
399,dETH/USD
400,AEVO/USD
401,TFS/USD
402,KROMA/USD
403,UXP/USD
404,WULF/USD
405,BTC/JPY
406,MOCA/USD
407,DeFi/USD
408,PLT/USD
409,TCATI/ETH
410,UNI/USD
411,TRX/USD
412,IBIT/USD
413,FLOW/USD
414,GT/USD
415,NOT/USDT
416,EWT/USD
417,KABOSU/ETH
418,CTSI/USD
419,XMR/USD
420,LHUNT/USD
421,STARK/USD
422,HMSTRUSDTU24/USD
423,BRL/MXN
424,XLM/USD
425,TRIAS/USD
426,WOO/KRW
427,RBN/USD
428,ROOT/USD
429,bbSOL/USD
430,JUP/USDT
431,SQUID/USD
432,VZZN/USD
433,ALB/USD
434,TURBO/USD
435,CRAZY/USD
436,MEW/EUR
437,AIOZ/USD
438,KLAY/USDT
439,CHEEMS/USD
440,W/TRY
441,PLUME/USD
442,XOR/USD
443,LISTA/USDT
444,BORED/USD
445,ORAI/USD
446,EURT/EUR
447,MYTHOS/USD
448,SQ/USD
449,STRIKE/USD
450,KOII/USD
451,MIM/USD
452,NODO/USD
453,ZETA/USDC
454,IOST/USD
455,0DOG/BTC
456,TURBO/USDC
457,GOAT/USDC
458,DEXT/USD
459,LTC/BTC
460,X/USDT
461,POPCAT/USDT
462,BLUAI/USD
463,PYPL/USD
464,HUF/USD
465,BAITS/USD
466,BBL/USD
467,LIKE/USD
468,SUPRA/USD
469,EGL/USD
470,JACKY/USD
471,TVK/USD
472,0DOG/USD
473,WHY/USD
474,INI/USD
475,USDM/USD
476,DEGEN/USD
477,TURBO/ETH
478,SURE/USD
479,ENA/USD
480,POCAT/USD
481,SPURS/USD
482,DBR/USDT
483,CET/USD
484,LINA/USD
485,MSTR/USD
486,TICS/USD
487,AGI/USD
488,WRX/INR
489,KMNO/USD
490,PEPE/EUR
491,LNEX/USDT
492,BTC/AED
493,BTT/USD
494,RUB/CNY
495,SOLAMA/USD
496,NEAR/ETH
497,DASH/USD
498,ATH/USDC
499,MAGA/USDC
500,CZK/EUR
501,WYAC/USD
502,PEPPER/USD
503,BCH/USD
504,EURC/USD
505,FLUX/USD
506,G/USD
507,OKB/USD
508,SCPT/USD
509,USDt/USD
510,MGMES/USD
511,DAI/USD
512,TREMP/USD
513,TRAC/USD
514,USDO/USD
515,PLTR/USD
516,PMON/USD
517,ALT/USD
518,CATI/USDC
519,NYM/USDT
520,EIGEN/ETH
521,DIO/USD
522,WLKN/USD
523,CATI/USD
524,CYBRO/USD
525,stETH/ETH
526,THS/USD
527,MASA/USD
528,APU/USD
529,ML/USD
530,JOE/USD
531,MOTHER/SOL
532,FDUSD/USD
533,ETFSwap/USD
534,USD/MXN
535,CUDOS/FET
536,ORDI/USD
537,CORZ/USD
538,SI/USD
539,BLK/USD
540,EIGEN/USD
541,PURSE/USD
542,SYS/USD
543,TRW/USD
544,ODOG/USD
545,wstETH/USD
546,BTC/CNY
547,VENKO/USD
548,RARE/USD
549,DTX/USD
550,ATOM/BTC
551,EIGEN/BTC
552,LOOKS/USD
553,SUPER/USDT
554,RUNE/BTC
555,KPN/USD
556,WAT/USD
557,BRL/USD
558,BXBT/USD
559,ENA/BTC
560,NOTE/USD
561,POKT/USD
562,LABUBU/SOL
563,CETUS/USD
564,MILO/ETH
565,GNON/USD
566,GTAI/USD
567,STAK/USD
568,COBY/USD
569,GEGG/USD
570,ANKR/USD
571,USDS/EUR
572,OMNIA/USDT
573,USD/GBP
574,PYR/USD
575,USD/EUR
576,USD/AUD
577,PIXELS/USD
578,NOTAI/USD
579,SKBDI/USD
580,TOKEN/USD
581,USDY/USD
582,BLAST/USD
583,INJ/USD
584,EURCV/EUR
585,AZERO/USD
586,EIGEN/USDT
587,SEI/BTC
588,TFUEL/USD
589,BENJI/USD
590,BAKSO/USD
591,AUKI/ETH
592,XRP/TRY
593,BIT/USD
594,HN/USD
595,NLX/USD
596,ISO/USD
597,TURBO/USDT
598,BLUR/USD
599,YES/USD
600,WCT/USD
601,WAL/USD
602,SUPER/USD
603,PIXEL/USD
604,BGB/USDT
605,DODO/USD
606,ZETA/USD
607,MEW/USD
608,XRP/USDT
609,mETH/USD
610,AERO/BTC
611,FTM/USD
612,ENS/USD
613,WLFI/USD
614,XVS/USD
615,REEF/USD
616,EIGEN/TRY
617,MINT/USD
618,USD/UNKNOWN
619,APT/KRW
620,NOTCOIN/USD
621,ROOST/USD
622,FIDA/USDT
623,BTC/SOL
624,UNFI/USD
625,CHP/USD
626,SPONGEV2/USD
627,OAI/USD
628,5THSCAPE/USD
629,ARB/USD
630,BANANA/USD
631,OP/USD
632,XRP/JPY
633,MXN/USD
634,NXRA/USD
635,GCAT/USD
636,SGD/USD
637,JUP/BTC
638,RETARDIO/USD
639,MANEKI/USDT
640,NEXO/USD
641,GRVT/USD
642,STRDY/USD
643,PIXFI/USD
644,LAT/USD
645,ONT/USD
646,BTG/USD
647,GAL/USD
648,USDT/USD
649,DIGI/USD
650,VYUG/USD
651,ORN/USDT
652,OMOCHI/USD
653,SCS/USD
654,PENDLE/ETH
655,FRN/USD
656,MNT/BTC
657,SPS/USD
658,XYZ/USD
659,RDNT/USD
660,MINA/USD
661,THETA/USD
662,PORTO/USD
663,ZDEX/USD
664,CNY/USD
665,PROS/USD
666,XEP/USD
667,AUD/JPY
668,WXT/USDT
669,kBTC/USD
670,HKD/USD
671,DUM/USD
672,LINK/BTC
673,TAI/USD
674,RIVAL/USD
675,WAP/SOL
676,DOGS/USD
677,ETHA/USD
678,WLD/ETH
679,LAZIO/USD
680,SAVM/USD
681,DBR/USDC
682,AVAX/ETH
683,PUMP/USD
684,RON/EUR
685,ILS/USD
686,USDT/VES
687,KOKO/USDT
688,KSM/USD
689,KEY/USD
690,JST/USD
691,GHST/USD
692,NEAR/KRW
693,TREAT/USD
694,ARPA/USD
695,IMX/USD
696,AAPL/USD
697,ETHW/USDT
698,ZKL/USD
699,MIS/USD
700,ROGER/USD
701,OLAS/USD
702,VUSD/USD
703,BWB/USD
704,ETH/RUB
705,SDAO/USD
706,FIL/BTC
707,LPT/USD
708,SOEX/USD
709,SLERF/USD
710,BNB/BTC
711,PEPE/DOGE
712,TIA/BTC
713,WORM/USD
714,BC/USD
715,KMNO/USDt
716,CELO/USD
717,USDC/VES
718,BUNNY/USD
719,BONK/USDT
720,ORDI/BTC
721,JIN/USDT
722,BTC/KZT
723,ETHOS/USD
724,GUNZ/USD
725,GSR/USD
726,WSTETH/USD
727,SOV/USD
728,ALPH/USD
729,ANON/TON
730,STX/USD
731,LSK/USD
732,DAWGZ/USD
733,MEMEFI/USD
734,SKL/USD
735,JASMY/ETH
736,TT/USD
737,NODEAI/USD
738,TBULL/USD
739,BORA/USD
740,OKX/USD
741,PUNK/USD
742,VS/USD
743,eETH/USD
744,AVAF/USD
745,BODEN/USD
746,GMEE/USD
747,USDT/AED
748,SLN/USD
749,PIZZA/USD
750,KARRAT/USD
751,SUPER/BTC
752,SEI/KRW
753,CUDOS/USD
754,SUNCAT/TRX
755,TOMATO/UNKNOWN
756,VISA/USD
757,DOGIZ/USD
758,KBTC/BTC
759,BB/USD
760,EUR/AUD
761,HOOK/USD
762,SHFL/USD
763,FB/USDT
764,GBTC/USD
765,PLAY/USD
766,NUB/USD
767,BILLY/USD
768,CUT/USD
769,BTC/PHP
770,WIF/SOL
771,U2U/USD
772,RNDR/USDT
773,YU/USD
774,TRON/USD
775,KIDEN/USD
776,ETH/BNB
777,IO/USD
778,weETH/USD
779,TSLA/USD
780,NAKA/USD
781,SEI/USD
782,RCO/USD
783,IZZY/ETH
784,AMBT/USD
785,RBX/USD
786,HTX/USD
787,NCT/USDT
788,SPX/ETH
789,HOOK/BTC
790,CLORE/USD
791,SKY/EUR
792,NOLA/USD
793,XDAG/USD
794,BIGTIME/USD
795,REDO/TON
796,UTK/USDC
797,AMB/USD
798,DELTA/USD
799,LAND/USD
800,IVFUN/USD
801,SUN/USD
802,ALI/USD
803,BONSAI/USD
804,SOL/USDT
805,SUIB/USD
806,SAGA/USD
807,MVT/USD
808,YELLOW/USD
809,NEXFUNDAI/USD
810,USDh/USD
811,DAY/USD
812,ATOM/ETH
813,KLIP/IDR
814,ADEX/USD
815,BTT/BTC
816,BULL/USD
817,BLUB/USD
818,MOG/BTC
819,ATLA/USD
820,ALEPH/USD
821,ORDI/ETH
822,AVAX/USD
823,NEIRO/USD
824,IMX/BTC
825,OZO/USD
826,CRETA/USD
827,RYZE/USD
828,GMT/USD
829,MUMU/USD
830,BCN/USD
831,BYB/USD
832,SC/USD
833,STETH/USDC
834,RETARD/USD
835,VANA/USD
836,XRP/BRL
837,THOR/USD
838,ETH/USD
839,NBTC/USD
840,ETH/ARS
841,CEEK/USD
842,POCHITA/USD
843,EBULL/USD
844,MARA/USD
845,PUFFER/USD
846,KAS/BTC
847,BAC/USD
848,DAPP/USD
849,BRK.A/USD
850,USDN/USD
851,EIGEN/FDUSD
852,KAVA/USD
853,ECOF/USD
854,MINA/BTC
855,CZK/USD
856,PHA/USD
857,SHM/USD
858,AERO/USD
859,PEOPLE/USD
860,KRW/USD
861,VERI/USD
862,SUNPUMP/USD
863,CFG/USD
864,SOL/USD
865,SEP/USD
866,GIGA/USDC
867,CLSK/USD
868,BYTES/USD
869,ONDO/ETH
870,SAMARA/EUR
871,GEMINI/USD
872,FOXY/USD
873,WYNN/USD
874,FTX/USD
875,ACH/USD
876,CHEEL/USD
877,FTN/BTC
878,KINE/USDT
879,CNHt/USD
880,BTC/BRL
881,XTZ/USD
882,HUT/USD
883,SCF/USD
884,XPR/USD
885,MODE/USD
886,TNGBL/USD
887,OAS/USD
888,BUIDL/USD
889,LUNA/USD
890,MARS/USD
891,HMSTR/TON
892,FISH/TON
893,KLAY/BTC
894,ATH/USD
895,PONKE/EUR
896,PAYY/USD
897,GLTM/USD
898,FIL/ETH
899,AVAX/JPY
900,CHEX/USD
901,DIA/USDT
902,NOT/BTC
903,BITB/USD
904,GSWIFT/USD
905,SHIB/ETH
906,DOGE/BTC
907,MAGAHAT/USD
908,OYX/USD
909,USD/CHF
910,MAK/USD
911,SHI/USD
912,SHIB/DOGE
913,HFT/USD
914,OMI/USDC
915,BDX/USD
916,UStb/USD
917,RON/USD
918,DBS/USD
919,INX/USD
920,TOMO/USD
921,UP/USD
922,WBTC/BTC
923,INJ/KRW
924,XTER/USD
925,ONDO/BTC
926,FLUX/USDT
927,RAD/USD
928,WCOIN/USD
929,FROGS/USD
930,HEART/USD
931,GRT/ETH
932,MPLX/USD
933,EUR/CHF
934,HT/USD
935,YOURMOM/USD
936,TURBO/BTC
937,WEL/USD
938,FEI/USD
939,XAU/USD
940,EOS/USD
941,HIPPO/USDT
942,HACHI/USD
943,MASK/USD
944,GHX/USD
945,SATS/USD
946,1MBABYDOGE/USDT
947,FB/USD
948,DYM/USD
949,SATO/USD
950,ORBS/USD
951,MAGNET/SOL
952,KAMA/USD
953,RAKE/USD
954,CATGM/USD
955,RLUSD/USD
956,BRIAN/USD
957,BEL/USD
958,USDD/USD
959,IMX/ETH
960,HYPER/USD
961,GAME/USD
962,ROLLBLOCK/USD
963,BICO/USD
964,ASI/USD
965,ICP/BTC
966,LBTC/BTC
967,STFX/USD
968,EARNM/USD
969,AMU/USD
970,IZZY/USD
971,USDE/USD
972,XCN/USD
973,A$DC/USD
974,JBOLT/USD
975,POPCAT/BTC
976,UNKNOWN/UNKNOWN
977,ETH/PHP
978,DC/USD
979,KOS/USD
980,BNX/USDT
981,XMR/JPY
982,CATS/TON
983,USDT/CAD
984,BG/USD
985,CEEK/USDT
986,HUDL/USD
987,XFI/USD
988,MOODENG/USD
989,AKT/USD
990,LOKA/USDT
991,STKL/USD
992,NexF/ETH
993,ENA/USDT
994,DOGI/USD
995,DUSK/USD
996,USDwf/USD
997,BONE/USDC
998,ZERO/USD
999,MSTR/ETH
1000,FWOG/USD
1001,TRX/BTC
1002,ZIG/USD
1003,JONA/USD
1004,ZULU/USD
1005,VSC/USD
1006,IOTX/USD
1007,SCALE/TON
1008,MAJOR/USD
1009,C98/USD
1010,BNX/USD
1011,ALPINE/USD
1012,OPP/USD
1013,BTC/ZAR
1014,ILV/ETH
1015,SNAP/USD
1016,EUR/JPY
1017,POLIS/USD
1018,BDAG/USD
1019,FIL/USD
1020,RNDR/BTC
1021,ABDS/USD
1022,KNC/USDT
1023,THL/USD
1024,SUI/BRL
1025,TOMI/USD
1026,SPX/BTC
1027,NEO/USD
1028,RVT/USD
1029,SILLY/USD
1030,WATER/USD
1031,OP/BNB
1032,DOG/USD
1033,GRT/BTC
1034,CSIX/USD
1035,CHEQ/USD
1036,ETH/EUR
1037,SCROLL/USD
1038,MXT/USD
1039,REXAS/USD
1040,SOPHON/USD
1041,DOGE/USD
1042,SFI/USD
1043,SOLDER/USD
1044,CATS/USD
1045,CFX/USD
1046,1INCH/USD
1047,TON/EUR
1048,LUCKHUNTER/USD
1049,PEAQ/USD
1050,TIA/USD
1051,ANDY/BNB
1052,XMR/USDT
1053,USDA/USD
1054,LOOPY/USD
1055,BASE/USD
1056,ETH/CNY
1057,USDC/ETB
1058,VRA/USD
1059,KLV/USD
1060,HBAR/USD
1061,SKY/USD
1062,METIS/USD
1063,STMX/USD
1064,UE/USD
1065,MOG/USD
1066,SPX6900/USD
1067,ZEX/USD
1068,NGL/USD
1069,BLUM/USD
1070,PYUSD/USDT
1071,JACK/USD
1072,CAI/USD
1073,SLND/USD
1074,MOOETH/USD
1075,FORT/USD
1076,MOG/ETH
1077,BTC/ARS
1078,JONAH/USD
1079,PONKE/USD
1080,BLOCK/USD
1081,AMD/USD
1082,XPLA/USD
1083,PUFFR/USDT
1084,WELL/USD
1085,DYDX/USDT
1086,BOUNTY/USD
1087,EUR/USD
1088,IOTN/USD
1089,NEIRO/PEPE
1090,TURBO/TRY
1091,FLF/USD
1092,LBTC/USD
1093,VET/USD
1094,SAG/EUR
1095,DADDY/USDT
1096,ETHN/USD
1097,NOTC/USD
1098,NIO/USD
1099,XEMP/USD
1100,PENDLE/USD
1101,swETH/USD
1102,BAKE/USD
1103,MPX6900/USD
1104,REN/USDT
1105,PEPECOIN/USD
1106,OM/USD
1107,SWEAT/USD
1108,APT/BTC
1109,SAITAMA/USD
1110,LIT/USDT
1111,BOND/USD
1112,LEASH/USD
1113,WIF/KRW
1114,OP/USDC
1115,ETH/BRL
1116,MAGIC/USD
1117,MNT/ETH
1118,BABI/USD
1119,TAO/ETH
1120,W/USD
1121,WLFi/USD
1122,MAV/USD
1123,FTT/USD
1124,SPX/USD
1125,AST/USDT
1126,NEON/USD
1127,VITE/USD
1128,TAP/ETH
1129,TRUMPET/USD
1130,ONYX/USD
1131,LHK/USD
1132,SUSHI/USD
1133,HOPR/USD
1134,PROMPT/USD
1135,ICE/USD
1136,CORE/BTC
1137,HIPPO/SUI
1138,APT/ETH
1139,BTC/USDT
1140,CHZ/ETH
1141,FIS/USD
1142,ICNT/USD
1143,TRIBL/USD
1144,LUMIA/USD
1145,MERL/USD
1146,AITECH/USD
1147,KLIMA/USD
1148,INJ/BTC
1149,BICO/USDT
1150,PHOENIC/USD
1151,XAU/EUR
1152,AVAIL/KRW
1153,DEGEN/ETH
1154,USD/CNY
1155,LEASH/USDT
1156,FLOCKERZ/USD
1157,RLB/USD
1158,TGC/USD
1159,LAY3R/USD
1160,POPC/USD
1161,ARB/BTC
1162,ZBU/BTC
1163,BRETT/USD
1164,ZEPH/USD
1165,OISHII/USD
1166,FWOG/ETH
1167,GLXY/CAD
1168,TRIBE/USD
1169,spWETH/USD
1170,USDT/SOL
1171,VELO/USD
1172,ROBOT/USD
1173,HINU/USD
1174,FLOCK/USD
1175,MDX/USD
1176,LAMB/USD
1177,PAXG/USD
1178,XAUT/USD
1179,LDO/ETH
1180,PAX/USD
1181,LDO/USDT
1182,DETH/USD
1183,DWH/USD
1184,INR/USD
1185,RTK/USD
1186,ROBO/USD
1187,PIPS/USD
1188,SPY/USD
1189,VENOM/USD
1190,3AC/ETH
1191,EDU3/USD
1192,STRK/BTC
1193,GBE/USD
1194,KCS/USD
1195,PENDLE/USDT
1196,OIL/USD
1197,MANTRA/USD
1198,DOGS/USDT
1199,AUTOS/USD
1200,WOLF/USD
1201,SLOP/SOL
1202,GPT/USD
1203,USDP/USD
1204,IAG/USD
1205,KUJI/USD
1206,OETH/USD
1207,FUD/USD
1208,DORA/USD
1209,STARSHIP/USD
1210,WAVES/USD
1211,USDC/USD
1212,MCPB/USD
1213,USDT/ARS
1214,SNOW/USD
1215,TONCOIN/USD
1216,UTK/USDT
1217,VNS/USD
1218,MINA/ETH
1219,DJT/USD
1220,JTO/USD
1221,W/USDT
1222,DBR/USD
1223,TABI/USD
1224,ZKSYNC/USD
1225,BTC/EURI
1226,AAVE/USD
1227,WAP/USD
1228,DARAM/USD
1229,SUI/FDUSD
1230,TNSR/USD
1231,NIB/USD
1232,RVV/USD
1233,VS/BRL
1234,EURC/EUR
1235,MEGS/USD
1236,MPAA/USD
1237,COQ/USD
1238,USDZ/USD
1239,DG/USD
1240,CYG/USD
1241,WEN/USD
1242,SOL/SGD
1243,GLMR/USD
1244,ZBCN/USD
1245,LQTY/USD
1246,WOJAK/USD
1247,CARV/USD
1248,XRD/USD
1249,PEPE/BTC
1250,ALCX/USD
1251,MAW/USD
1252,TAO/USDT
1253,ETH/SOL
1254,MEW/USDT
1255,WFBN/USD
1256,NEURO/USD
1257,XMON/USD
1258,PSTAKE/USD
1259,BXC/USD
1260,RARI/USD
1261,ETFS/USD
1262,UHP/USD
1263,WEETH/USD
1264,XENT/KRW
1265,OSAK/USD
1266,CARV/USDT
1267,MOON/USD
1268,WORMHOLE/USD
1269,MNRY/USD
1270,TRY/USD
1271,FLOKI/ETH
1272,KRK/USD
1273,MSFT/USD
1274,GREEN/USD
1275,QORPO/USD
1276,HSK/USD
1277,CKB/USD
1278,UXLINK/KRW
1279,XDEFI/USD
1280,ART/USD
1281,USYC/USDC
1282,PENDLE/KRW
1283,SENDR/USD
1284,FIO/USDT
1285,CFX/ETH
1286,UBXS/USD
1287,EVER/USD
1288,ELON/USD
1289,OVN/USD
1290,SEI/USDT
1291,AWBTC/USD
1292,PI/USDT
1293,MATIC/USD
1294,BASEDAWGZ/USD
1295,ETH/ZAR
1296,BTC/BOB
1297,PDOGE/USD
1298,FLR/BTC
1299,WLD/BTC
1300,TIA/ETH
1301,TOSHI/USD
1302,ICX/USDT
1303,WXT/USD
1304,CYBER/USD
1305,LNX/USD
1306,NEIROETH/USD
1307,TON/USD
1308,BLOCKDAG/USD
1309,KAIA/USD
1310,RCOF/USD
1311,CRV/USD
1312,WLF/USD
1313,DRIFT/USD
1314,KIMA/USD
1315,TUA/USD
1316,X/USD
1317,CHF/USD
1318,PELF/SOL
1319,JPY/USD
1320,AVAIL/USD
1321,SEXY/USD
1322,GOAT/USDT
1323,CLV/USD
1324,RBLK/USD
1325,AAA/USD
1326,SKYGATE/USD
1327,ORN/BTC
1328,MGT/USD
1329,FAR/USD
1330,PORNROCKET/USD
1331,SUNCAT/USD
1332,SUNDOG/TRX
1333,TANGO/USD
1334,BOBA/USD
1335,CATI/TON
1336,EIGEN/USDC
1337,QNT/USD
1338,EUR/MXN
1339,WIF/BTC
1340,THA/USD
1341,BBT/USD
1342,AEON/USD
1343,PCHAIN/USD
1344,YFI/USD
1345,GUN/USD
1346,EUR/GBP
1347,ARK/KRW
1348,BLOCK/USDT
1349,SNT/USD
1350,MC/USD
1351,5SCAPE/USD
1352,ETH/KZT
1353,XRM/USD
1354,STEP/USD
1355,BRISE/USD
1356,ROUTER/USD
1357,USDH/USD
1358,QUEX/USD
1359,METH/USD
1360,FTM/ETH
1361,CVE/USD
1362,WLD/KRW
1363,LNS/USD
1364,ARS/USD
1365,IDX/USD
1366,HARD/USD
1367,PENGU/USD
1368,USD/INR
1369,PYUSD/USD
1370,STAKELAYER/USD
1371,PEPU/USD
1372,ONE/USD
1373,AUD/USD
1374,SET/USD
1375,PLA/USD
1376,ZKS/USD
1377,LMFA/USD
1378,NEAR/USD
1379,UNI/ETH
1380,MOODENG/USDT
1381,GAMA/USD
1382,TOMATO/USD
1383,XMR/ETH
1384,BRUME/USD
1385,WTI/USD
1386,XPEV/USD
1387,FZC/USD
1388,USDa/USD
1389,LINEA/USD
1390,MORE/USD
1391,CAS/USD
1392,DBR/EUR
1393,TIN/USD
1394,UBI/USD
1395,EGP/USD
1396,ARIX/USD
1397,MORPHO/USD
1398,ANS/USD
1399,AI/USD
1400,MAT/USD
1401,TLIFE/USD
1402,FOBXX/USD
1403,ADA/BTC
1404,HKDA/USD
1405,TAU/USD
1406,ETC/ETH
1407,EMT/USD
1408,WAN/USD
1409,NFA/USD
1410,SAFE/USD
1411,EXM/USD
1412,HAMK/USD
1413,SUDENG/USD
1414,BANANA/USDT
1415,RUNE/USD
1416,CTO/USD
1417,USDC/KRW
1418,WDTC/USD
1419,WTGXX/USD
1420,HIPPO/USD
1421,WRX/USD
1422,WANNA/USD
1423,BONK/ETH
1424,SIX/USD
1425,GRASS/USDT
1426,XPOWER/USD
1427,ETH6900/ETH
1428,CTC/USD
1429,DOGE2014/USD
1430,PUSO/PHP
1431,RSS3/USD
1432,WIF/USD
1433,TRUF/USD
1434,FTM/BTC
1435,WLD/USDT
1436,SXP/USD
1437,RBIF/USD
1438,USA/USD
1439,LINK/ETH
1440,YOLK/USD
1441,AO/USD
1442,MPX/USD
1443,MEME/ETH
1444,AUDD/USD
1445,USDT/ETH
1446,YHDL/USD
1447,BTC/KRW
1448,OMNIA/USD
1449,QUICK/USD
1450,REI/USDT
1451,CHZ/KRW
1452,XRP/USD
1453,HOOKED/USD
1454,PUFETH/USD
1455,HERE/USD
1456,GBP/UNKNOWN
1457,CRUDO/USD
1458,HAI/USD
1459,L3/USD
1460,VVS/USD
1461,LOOM/USD
1462,POPCAT/USD
1463,NVDA/USD
1464,STR/USD
1465,CKB/KRW
1466,NEXF/USD
1467,AUDIO/USD
1468,RUB/USD
1469,HOPPY/USD
1470,MANEKI/USD
1471,USYC/USD
1472,AIA/USD
1473,BSGG/USD
1474,BTC/GBP
1475,MEMEBET/USD
1476,B3/USD
1477,UNKNOWN/JPY
1478,DYDX/USD
1479,LTC/ETH
1480,BKSY/USD
1481,BDG/USD
1482,COMP/USD
1483,ITO/USD
1484,FLOKI/USD
1485,TWT/USD
1486,EGLD/USD
1487,kBTC/ETH
1488,FTN/ETH
1489,CVC/USD
1490,TIME/USD
1491,MXN/EUR
1492,WING/USD
1493,BDC/USD
1494,WGR/USD
1495,WIF/USDT
1496,BTC/SUNCAT
1497,HPZ/USD
1498,SYN/USD
1499,RIOT/USD
1500,BNB/USD
1501,PMON/ETH
1502,STG/USD
1503,KDA/USD
1504,ICP/USD
1505,VAI/USD
1506,KAS/ETH
1507,DIA/USD
1508,SPX/USDT
1509,KROM/USD
1510,XYO/USD
1511,GRT/USD
1512,XEC/USD
1513,GRAM/TON
1514,LTC/USD
1515,BANANA/WBNB
1516,USDT/CNY
1517,CATS/USDT
1518,AVAX/USDT
1519,PUNDIX/USD
1520,MANTA/USD
1521,DMAGA/USD
1522,WEUR/USD
1523,MOODENG/SOL
1524,CFX/BTC
1525,POP/USD
1526,PEIPEI/USD
1527,ARK/USD
1528,TIK/USD
1529,ITHEUM/USD
1530,PRO/TON
1531,ELAND/USD
1532,SHRAP/USD
1533,SPEEDY/USD
1534,OMG/USD
1535,BIO/USD
1536,GEM/USD
1537,EIGEN/EUR
1538,MILO/USD
1539,BRL1/BRL
1540,KAIA/USDT
1541,FUN/USD
1542,ADA/USD
1543,USDT/INR
1544,DOCK/USD
1545,ARB/ETH
1546,ATLAS/USD
1547,OG/USD
1548,VPP/USD
1549,DUNE/USD
1550,LABUBU/USD
1551,FLOK/USD
1552,VERT/USD
1553,CFX/USDT
1554,USD/JPY
1555,LI/USD
1556,HMBL/USD
1557,S/USD
1558,YALA/USD
1559,BAT/USD
1560,WUSD/USD
1561,MATH/USD
1562,USTB/USD
1563,REI/USD
1564,ICH/USD
1565,OMI/USD
1566,ARC/USD
1567,API3/USD
1568,ENJ/USD
1569,OOKI/USD
1570,REALT/USD
1571,EDU/USD
1572,BNM/USD
1573,OCEAN/USD
1574,CARV/BTC
1575,ZAP/USD
1576,ETH/JPY
1577,MEW/KRW
1578,APE/ETH
1579,APEX/USD
1580,WEMIX/KRW
1581,ZKNT/USD
1582,EUR/CAD
1583,SHIBASHOOT/USD
1584,MBTC/USD
1585,TADA/USD
1586,BAG/USD
1587,BTC/USD
1588,BNSOL/USD
1589,BCH/BSV
1590,ADA/USDT
1591,EMAX/USD
1592,KABOSU/USD
1593,TMNS/USD
1594,NIBI/USD
1595,NDC/USD
1596,TRADE/USD
1597,JPM/USD
1598,CTF/XRP
1599,GOATSEUS/USD
1600,HMSTR/USDC
1601,JEWEL/USD
1602,CNH/USD
1603,NEST/USD
1604,CARV/KRW
1605,IOTA/USD
1606,FLOKI/BTC
1607,BNB/USDT
1608,SPELL/USD
1609,LUNC/USD
1610,BEFE/USD
1611,ARTIC/USD
1612,PHB/USD
1613,AGRO/USD
1614,PRIME/USDT
1615,UPT/KRW
1616,PIKA/USD
1617,SUIR/SUI
1618,DMD/USD
1619,ETC/BTC
1620,USDL/USD
1621,PCI/USD
1622,HIVE/USD
1623,BNSOL/USDT
1624,BALLZ/USD
1625,cbBTC/BTC
1626,HEX/USD
1627,DOGE/USDT
1628,DEX/USD
1629,SPONGE/USD
1630,AGIX/USD
1631,COTI/USD
1632,ROLLBIT/USD
1633,WMT/USD
1634,JASMY/BTC
1635,GRAND/USD
1636,BRETT/ETH
1637,STON/USD
1638,ACE/FDUSD
1639,USD/CNH
1640,NIM/USD
1641,SCR/USDT
1642,ATLAX/USD
1643,ID/USD
1644,MKR/USD
1645,HBR/USD
1646,DOGAI/USD
1647,NOW/USD
1648,HOOD/USD
1649,GME/USD
1650,WETH/USD
1651,PENDLE/BTC
1652,SIS/USDT
1653,CUTOSHI/USD
1654,ZEFY/USD
1655,CELR/USD
1656,PLAYDOGE/USD
1657,GRAM/USD
1658,PEPE/USDT
1659,VET/BTC
1660,MONAD/USD
1661,PAXG/USDC
1662,FTN/USD
1663,SLP/USD
1664,AEVO/USDC
1665,BTC/INR
1666,XRP/BTC
1667,KOKO/USD
1668,W/BTC
1669,XCP/USD
1670,LDO/BTC
1671,HOT/USD
1672,CSPR/USD
1673,JET/USD
1674,OUSG/USD
1675,TRB/FDUSD
1676,TROG/USD
1677,XAG/USD
1678,ETHFI/USD
1679,SPN/USD
1680,CWIF/USD
1681,HTM/USD
1682,FLUX/BTC
1683,OSMO/USD
1684,CAT/USDT
1685,LNEX/USD
1686,AXELAR/USD
1687,SPONGE V2/USD
1688,CBBTC/USD
1689,HAQQ/USD
1690,WIFI/USDT
1691,DOT/USD
1692,RAY/USD
1693,BYD/USD
1694,DNX/USD
1695,PEPPER/CHZ
1696,RPL/USD
1697,NOT/USD
1698,DAG/USD
1699,WIF/ETH
1700,stETH/USD
1701,GBP/JPY
1702,EBULL/ETH
1703,PLN/USD
1704,XMR/EUR
1705,DFN/USD
1706,USDR/USD
1707,ETH/BTC
1708,PUFFER/EUR
1709,MIND/USD
1710,TORO/USD
1711,HC/USD
1712,DOGS/TON
1713,RBK/USD
1714,LADYS/USD
1715,BNSOL/SOL
1716,BTC/ETH
1717,EUL/USD
1718,CVX/USD
1719,TRUMP/USDC
1720,EUR/SEK
1721,WPAY/USD
1722,USDT/NGN
1723,TAKI/USDT
1724,SPACEX/USD
1725,ATOM/USD
1726,DOGEN/USD
1727,NAVI/USD
1728,PEAS/USD
1729,LMY/USD
1730,SX/USD
1731,DOGWIFHAT/USD
1732,BOME/USD
1733,ZBU/USD
1734,ETH/GBP
1735,BUL/USD
1736,DX/USD
1737,BAL/BTC
1738,CWT/USD
1739,TON/ETH
1740,ZRX/USD
1741,ANALOS/USD
1742,RITZ/USD
1743,W/ETH
1744,USDT/BRL
1745,SUI/ETH
1746,CXT/USDC
1747,NTC/USD
1748,HMSTR/USDT
1749,NTRN/USD
1750,TRYB/USD
1751,STX/BTC
1752,RENDER/USD
1753,NYM/USD
1754,AMP/USD
1755,USD/CAD
1756,SWCH/USD
1757,MUSIC/USD
1758,HACKED/USD
1759,SNX/USD
1760,AERGO/USD
1761,ACS/USD
1762,UNIFI/USD
1763,TRUMP/USD
1764,WH/USD
1765,FP/USD
1766,M/USD
1767,SMOL/USD
1768,MOTHER/USD
1769,GECKO/USD
1770,RNDR/BUSD
1771,ZK/USDT
1772,TAP/USD
1773,CPOOL/USD
1774,ACH/USDT
1775,STARS/USD
1776,WOO/USD
1777,MKR/ETH
1778,FLD/USD
1779,HNS/USD
1780,ZBU/ETH
1781,MPL/USD
1782,KLAUS/USD
1783,CRO/USD
1784,XDC/USD
1785,DCR/USD
1786,GOLD/USD
1787,WIK/USD
1788,TOKENFI/USD
1789,BONE/USD
1790,POPCAT/USDC
1791,TAO/BTC
1792,BOME/USDT
1793,AV/USD
1794,AKASH/USD
1795,APT/USDT
1796,NZD/USD
1797,SUIR/USD
1798,ANZ/USD
1799,MERLIN/USD
1800,FET/USD
1801,BICO/BTC
1802,OP/ETH
1803,JUP/ETH
1804,PEPE/USD
1805,DIO/USDT
1806,SHIB/BTC
1807,TAO/KRW
1808,LMWR/USD
1809,OGN/USD
1810,BGB/USD
1811,TUSD/USD
1812,KAMA/USDT
1813,XRAISE/USD
1814,GNON/SOL
1815,GGI/USD
1816,RETARDIO/SOL
1817,WBT/USD
1818,KOK/USD
1819,FLM/USDC
1820,ASTR/USD
1821,QTUM/USD
1822,CAH/USD
1823,AVA/USD
1824,BLZ/USD
1825,ZEC/USD
1826,SHIB/USD
1827,JPYC/JPY
1828,ZIL/USD
1829,LOCUS/USD
1830,HYC/USD
1831,APT/USD
1832,INTC/USD
1833,USD/USD
1834,TICS/USDT
1835,DEEP/USD
1836,IREN/USD
1837,MEW/BTC
1838,CESS/USD
1839,SOPH/USD
1840,STRK/ETH
1841,GLM/USD
1842,LL/USD
1843,CEL/USD
1844,NEAR/BTC
1845,GNO/USD
1846,AXS/ETH
1847,HAMSTER/USD
1848,RBTC/USD
1849,NEIRO/BTC
1850,HMSTR/USD
1851,ROUTE/USD
1852,BNY/USD
1853,TOWNS/USD
1854,CIFR/USD
1855,AXS/USD
1856,LBK/USD
1857,T/USDT
1858,RNDR/USD
1859,PEOPLE/USDT
1860,SHIB/KRW
1861,HBAR/ETH
1862,MYTH/USD
1863,TAIKO/USD
1864,USDC/ARS
1865,HYP/USD
1866,GOATS/USD
1867,CHR/USD
1868,PNXGRP/USD
1869,RIO/USD
1870,TOKERO/USD
1871,ARTMS/USD
1872,MIHURA/USD
1873,AIC/USD
1874,CATDOG/USD
1875,NOT/TON
1876,POODL/USD
1877,BRAINLET/USD
1878,JUP/USD
1879,LUMIA/USDT
1880,FUSE/USD
1881,T/USD
1882,ZRO/USD
1883,USDC/CAD
1884,BABY/USD
1885,GMX/USD
1886,ETC/USD
1887,MOVE/USD
1888,LDO/USD
1889,TKO/USD
1890,MANA/USD
1891,ZERO1/USD
1892,ADX/USD
1893,MNW/USD
1894,BEST/USD
1895,BTCB/USD
1896,FXG/USD
1897,THB/USD
1898,ACA/USD
1899,MOO/USD
1900,CHZ/USD
1901,BELLS/USD
1902,POWR/USD
1903,HOBBES/USD
1904,TRVL/USD
1905,SILO/USD
1906,RICO/USD
1907,ROSE/USD
1908,MXN/GBP
1909,TUNA/USD
1910,KAS/USD
1911,STRUMP/USD
1912,GIGA/USD
1913,USDT/KRW
1914,SUIP/USD
1915,GDX/USD
1916,VANAR/USD
1917,CHZ/BTC
1918,XRT/USD
1919,UGXC/UGX
1920,MIRX/USD
1921,BONK/BTC
1922,RMB/USD
1923,ARKM/USD
1924,BIFI/USD
1925,SONY/USD
1926,MAN/USD
1927,AED/USD
1928,USDf/USD
1929,CITY/USD
1930,HMSTER/USD
1931,UNF/USDT
1932,BAOS/USD
1933,LIL/USD
1934,PRO/USD
1935,CORE/ETH
1936,FLR/USD
1937,CTRL/USD
1938,COW/USD
1939,SUI/USD
1940,VLX/USD
1941,BTC/NGN
1942,SOL/ETH
1943,PEPE/ETH
1944,MKR/BTC
1945,OASYS/USD
1946,ETF/USD
1947,DICE/USD
1948,WLTQ/USD
1949,KERORO/USD
1950,SSEC/USD
1951,GOAT/USD
1952,HUF/EUR
1953,QUBE/USD
1954,BABYDOGE/USD
1955,PI/USD
1956,POPCAT/ETH
1957,HYPE/USD
1958,UST/USD
1959,BTC/GLD
1960,ALGO/USD
1961,ZK/USD
1962,BAZED/USD
1963,MNT/USD
1964,MAGA VP/USD
